"","ctrl1","ctrl2","trt1","trt2"
"gene1",115.360447634098,122.650487388999,384.03357258212,364.388861062862
"gene2",57.6802238170489,61.3252436944996,52.8046162300416,56.3935142121096
"gene3",346.081342902294,316.847092421581,192.01678629106,164.842580004628
"gene4",92.2883581072783,91.9878655417494,81.6071341737006,82.4212900023141
"gene5",576.802238170489,490.601949555997,672.058752018711,589.962917911301
"gene6",23.0720895268196,25.5521848727082,28.802517943659,30.3657384219052
