"","baseMean","log2FoldChange","lfcSE","stat","pvalue","padj"
"gene1",246.60834216702,1.65092627703635,0.168024648971633,9.82550052709866,8.74385781789147e-23,5.24631469073489e-22
"gene3",254.946950404891,-0.894531555883366,0.161315507375705,-5.54522978252793,2.93568382751403e-08,8.8070514825421e-08
"gene5",582.356464414124,0.242278961053289,0.148853615547887,1.62763235653719,0.103602863987347,0.207205727974694
"gene4",87.0761619562606,-0.167628725434924,0.201369638303963,-0.832442898774502,0.4051589963269,0.48619079559228
"gene6",26.948132691273,0.28092722356257,0.309955093172641,0.906348144458775,0.364751610382045,0.48619079559228
"gene2",57.0508994884249,-0.124312336218238,0.231345077638113,-0.537345931399919,0.591028683787638,0.591028683787638
